id,name
9,АБАЖУРЫ1
11,АБАШ
12,АБРАЗИВ
13,"АБРАЗИВНЫЕ МАТЕРИАЛЫ"
14,"АБРАЗИВНЫЙ ИНСТРУМЕНТ"
15,АБРАЗИВЫ
108,АВТОАКСЕССУАРЫ
109,АВТОАПТЕЧКИ
111,АВТОЗАПЧАСТИ
112,АВТОКОСМЕТИКА
113,АВТОМАСЛА
114,АВТОПОГРУЗЧИК
115,АВТОСТЕКЛО
116,АВТОТОВАРЫ
118,АВТОХИМИЯ
120,АВТОШИНЫ
121,АВТОЭЛЕКТРОНИКА
122,АДАПТЕРЫ
123,АК.БАТАРЕИ
124,АКБ
125,АКВАРИУМЫ
126,АККУМУЛЯТОР
127,"АККУМУЛЯТОРНЫЕ БАТАРЕИ"
128,АККУСТИКА
129,АКСЕССУАРЫ
130,АЛК.НАПИТКИ
131,АЛКОТЕСТЕР
132,АЛЛЮМИНИЙ
133,"Алфавитная книжка"
134,"АЛЮМИНИЕВЫЕ КОНСТРУКЦИИ"
135,АМОРТИЗАТОРЫ
136,АМПЕРМЕТР
137,АНТЕННА
138,АНТЕНЫ
139,АНТИСЕПТИК
140,АНТИФРИЗ
141,АППАРАТ
142,АППАРАТУРА
144,АПТЕЧКИ
178,АРМАТУРА
179,АРОМАТИЗАТОР
182,АУДИОПРОДУКЦИЯ
183,АУДИОТЕХНИКА
184,АЭРОЗОЛЬ
185,Б/Д
186,БАГАЖ
187,БАГАЖНИКИ
188,БАГЕТ
189,БАД
190,БАК
191,БАКАЛЕЯ
192,"БАЛАНСИРОВОЧНЫЕ ГРУЗИКИ"
193,"Балки металлические"
194,БАЛЛАСТ
195,БАЛЛОНЫ
196,БАЛЯСИНЫ
197,БАМПЕР
198,БАНДАЖ
199,БАНДЕРОЛЬ
200,БАНКИ
201,"Банковское оборудование, Пломба"
202,БАННЕР
203,БАРАБАНЫ
205,БАРЬЕР
206,БАССЕЙН
207,БАТАРЕЙКИ
208,БАТАРЕЯ
209,БАТУТ
210,БАХИЛЫ
212,БЕЛЬЕ
213,БЕНЗИН
214,БЕНЗОИНСТРУМЕНТ
215,БЕНЗОПИЛА
216,БЕНЗОПОМПА
217,БИЖУТЕРИЯ
219,БИОДОБАВКИ
220,БИОСОСТАВ
221,БИОТУАЛЕТЫ
222,БИРКА
223,БИТУМ
225,БЛЕНДЫ
226,БЛОК
227,БЛОКНОТЫ
228,"БОЕВАЯ ОДЕЖДА1-ГО УРОВНЯ"
229,БОКСЫ
230,БОЛТЫ
231,БОЧКА
232,БРОНЕЖИЛЕТ
233,БРОНЗА
234,"Бронирование груза"
235,БРУС
236,"Брусок  пил. ест. вл."
238,БУМАГА
239,"Бумага А4"
240,"Бумага для факса"
241,"Бумага туалетная"
242,"БУМАЖНАЯ ПОСУДА"
243,"БУМАЖНЫЕ ПОЛОТЕНЦА"
244,"БУМАЖНЫЕ ФОРМЫ"
245,"БУРИЛЬНОЕ ОБОРУДОВАНИЕ"
246,БУТЫЛКИ
247,БУХТЫ
248,"БЫТОВАЯ ТЕХНИКА"
249,"БЫТОВАЯ ХИМИЯ"
250,ВАБ-206
251,ВАГОНКА
252,ВАЗА
253,ВАЛИКИ
254,ВАЛЫ
255,ВАЛЬЦОВКА
256,Ванна
257,"Варочная поверхность"
258,ВАТА
259,ВАТИН
260,ВЕДЕРКИ
261,ВЕДРО
263,ВЕЛОСИПЕД
264,"ВЕНТ. ОБОРУДОВАНИЕ"
265,"ВЕНТИЛЯТОРНАЯ ПРУЖИНА"
266,ВЕНТИЛЯТОРЫ
267,"ВЕНТИЛЯЦ. УСТАНОВКИ"
268,"ВЕНТИЛЯЦИОННОЕ ОБОРУДОВАНИЕ"
269,"вентиляционные установки"
270,ВЕНТОБОРУДОВАНИЕ
271,ВЕРЕВКА
273,"ВЕСОВОЕ ОБОРУДОВАНИЕ"
274,ВЕСЫ
275,"ВЕТ ТОВАРЫ"
276,"ВЕТ. ПРЕПАРАТЫ"
277,ВЕТОШЬ
278,ВЕШАЛКИ
279,ВЕЩИ
280,ВИБРОПЛИТЫ
281,ВИДЕОКАССЕТЫ
282,ВИДЕООБОРУДОВАНИЕ
283,ВИДЕОТЕХНИКА
284,ВИЛЫ
285,ВИНИКОР
286,ВИНИЛ
287,"ВИНИЛОВЫЕ ПЛАСТИНКИ"
288,ВИНО
289,ВИНТ
290,ВИТРИНЫ
293,"внутренний пересчет"
294,ВОДА
295,ВОДКА
296,ВОДОГРЕЙ
297,ВОДОНАГРЕВАТЕЛИ
298,"ВОЗВРАТ БРАКА"
299,"ВОЗВРАТ ГРУЗА"
300,"ВОЗВРАТ ДЕНЕЖНЫХ СРЕДСТ"
301,"ВОЗВРАТ ДОКУМЕНТОВ"
303,"ВОЗВРАТНАЯ ТАРА"
306,ВОЗДУХОВОДЫ
307,ВОЗДУХООТВОДЫ
308,ВОЗДУХООЧИСТИТЕЛЬ
311,ВОЙЛОК
312,"ВОЙЛОЧНЫЕ ИЗДЕЛИЯ"
315,ВОЛОКНО
316,"ВОЛОКНО ШТАПЕЛЬНОЕ"
317,ВОЛОСЫ
319,ВОРОТА
320,ВТУЛКИ
321,"ВТУЛКИ ПОЛИЭТИЛЕНОВЫЕ"
325,ВЫТЯЖКА
326,"ВЫШИВАЛЬНАЯ МАШИНА"
327,"ГАЗ. ОБОРУДОВАНИЕ"
328,"Газета Справедливая Россия"
329,ГАЗЕТЫ
330,"ГАЗОВОЕ ОБОРУДОВАНИЕ"
331,ГАЗОН
332,"ГАЗОННАЯ ТРАВОСМЕСЬ"
333,ГАЛАНТЕРЕЯ
334,"ГАРАЖНОЕ ОБОРУДОВАНИЕ"
335,ГАРНИТУРА
336,ГВОЗДИ
337,ГЕНЕРАТОР
338,ГЕРМЕТИК
339,ГИДРАВЛИКА
340,ГИДРОКОМПОНЕНТЫ
341,ГИДРОКОСТЮМЫ
342,ГИДРОНАСОСЫ
343,ГИДРОЦИКЛЫ
344,ГИРОСКУТЕРЫ
345,ГИТАРЫ
346,"ГЛАДИЛЬНАЯ ДОСКА"
347,"ГЛАДИЛЬНОЕ ОБОРУДОВАНИЕ"
348,ГЛИНА
349,ГЛИЦЕРИН
350,"ГОЛОВНЫЕ УБОРЫ"
351,ГОРКА
353,ГОРЧИЧНИКИ
354,"ГОРШКИ ЦВЕТОЧНЫЕ"
355,ГОФРОТАРА
356,ГРАДИРНИ
357,ГРАНИТ
358,ГРАФИТ
359,ГРОБЫ
360,ГРУЗ
361,ГРУЗОБАГАЖ
362,ГРУНТ
363,"ГРУНТ ПЛОДОРОДНЫЙ"
364,ГРУНТОВКА
365,ГСМ
366,ГСО
367,ГУБКИ
368,"ГУМУНИТАРНАЯ ПОМОЩЬ"
369,ДАТЧИК
370,"ДАТЧИК РЕЛЕ ДАВЛЕНИЯ"
371,ДВЕРИ
372,"ДВЕРНАЯ КОРОБКА"
373,"ДВЕРНЫЕ РУЧКИ"
374,ДВЕРЬ
375,"ДВЕРЬ ДЛЯ САУНЫ"
376,ДВИГАТЕЛЬ
377,ДЕКОР
378,ДЕКОРАЦИИ
381,"ДЕНЕЖНЫЕ СРЕДСТВА"
385,ДЕРЕВО
386,"ДЕРЕВЯННЫЕ ИЗДЕЛИЯ"
387,ДЕТАЛИ
388,"ДЕТСКИЕ ТОВАРЫ"
389,"ДЕТСКОЕ ПИТАНИЕ"
390,ДИВАН
391,ДИЗЕЛЬ-ГЕНЕРАТОР
392,"Дизельное топливо СА ДТ"
393,ДИНАМИКИ
394,"ДИОКСИД КРЕМНИЯ"
395,"Диск Lemmerz 9.00*22.5 M22"
396,ДИСКИ
397,ДОБАВКИ
398,"ДОБАВКИ ДЛЯ ПВХ"
399,ДОВЕРЕННОСТИ
400,Доверенность
401,"Доверенность (бланк)"
402,ДОВОДЧИКИ
403,ДОЗАТОРЫ
404,ДОКУМЕНТЫ
405,"ДОМАШНИЕ ВЕЩИ"
406,ДОМКРАТ
409,ДОРОЖКА
410,"ДОРОЖНАЯ ГАЛАНТЕРЕЯ"
411,"ДОРОЖНЫЕ ЗНАКИ"
412,ДОСКА
426,ДПИ
427,ДСП
428,Духи
429,"ДУШЕВАЯ КАБИНА"
430,ДЫМОСОС
431,ДЫМОХОДЫ
432,ЕЖЕДНЕВНИКИ
434,ЕЛКИ
435,ЕМКОСТЬ
436,"ЕМКОСТЬ ПОЛИЭТИЛЕНОВАЯ"
437,ЖАЛЮЗИ
464,ЖЕЛЕЗО
475,ЖЕСТЬ
476,ЖИДКОСТЬ
477,ЖИРОУЛОВИТЕЛЬ
478,ЖУРНАЛЫ
479,ЗАБОР
481,ЗАГЛУШКИ
482,ЗАГОТОВКИ
483,ЗАГУСТИТЕЛЬ
484,ЗАДВИЖКИ
485,ЗАЖИМ
486,ЗАМКИ
487,ЗАПЧАСТИ
488,"ЗАРЯДНЫЕ УСТРОЙСТВА"
489,"ЗАЩИТНЫЕ УГОЛКИ"
490,ЗЕМЛЯ
491,ЗЕРКАЛА
492,ЗЕРКАЛО
493,"ЗЕРКАЛО В РАМЕ"
494,ЗЕРНОСМЕСИ
495,ЗЕФИР
496,ЗОНТЫ
497,ЗООТОВАРЫ
498,ЗУБОЧИСТКИ
499,ИБП
501,"ИГРОВЫЕ АВТОМАТЫ"
502,ИГРУШКИ
504,ИЗДЕЛИЯ
505,"Изменение грузополучателя"
506,"ИЗМЕРИТЕЛИ СКОРОСТИ"
507,"ИЗМЕРИТЕЛЬНЫЕ ПРИБОРЫ"
508,ИЗОЛЯТОРЫ
509,ИЗОЛЯЦ.МАТЕРИАЛЫ
510,ИЗОЛЯЦИЯ
511,ИКОНА
512,ИКОНОСТАС
513,ИНВЕНТАРЬ
514,ИНГИБИТОРЫ
515,ИНГРИДИЕНТЫ
516,ИНДИКАТОРЫ
517,Инструмент
518,ИНСТРУМЕНТЫ
520,"ИСКУССТВЕННАЯ КОЖА"
521,"ИСКУССТВЕННАЯ ТРАВА"
522,"ИСКУСТВЕННЫЕ РАСТЕНИЯ"
523,"ИСКУССТВЕННЫЕ ЦВЕТЫ"
525,КАБЕЛЬ
526,КАБЕЛЬ-КАНАЛЫ
527,"КАБЕЛЬНАЯ ПРОДУКЦИЯ"
528,КАБИНА
530,КАКАО-ПОРОШОК
531,КАЛИБР
533,КАЛОРИФЕРЫ
535,КАЛЬКА
536,КАМЕНЬ
537,КАМЕРЫ
538,КАМИН
539,КАМИНЫ
540,КАНАТЫ
541,КАНИПОЛЬ
542,КАНИСТРА
543,КАНИСТРЫ
544,КАНЦ.ТОВАРЫ
545,КАНЦЕЛЯРИЯ
546,КАПКАН
547,КАРДАН
548,"КАРДАНЫЙ ВАЛ"
549,КАРКАС
550,"Карманы для папок"
551,КАРНИЗЫ
552,КАРТИНЫ
553,КАРТОН
554,КАРТРИДЖИ
555,"КАРТЫ ПЛАСТИКОВЫЕ"
556,КАСКИ
557,кассеты
558,"КАССОВЫЕ АППАРАТЫ"
559,КАТАЛОГИ
560,КАТЕР
561,КАТУШКА
562,КАУЧУК
563,КАФЕЛЬ
564,КВАДРОЦИКЛ
565,КЕГИ
567,КЕРАМИКА
568,"КЕРАМИЧЕСКАЯ ПЛИТКА"
569,КЕРАМОГРАНИТ
570,КЕРОСИН
571,КЕРХЕР
572,"КИНО:Угадай кто?"
573,КИНОФИЛЬМ
574,КИПЯТИЛЬНИКИ
575,Киров
576,КИРПИЧ
577,КИСТОЧКИ
578,ККМ
579,КЛАПАН
580,КЛЕЕНКА
581,КЛЕЙ
582,"Клей карандаш"
583,КЛЕТКИ
584,"КЛЮЧ ЦЕПНОЙ"
585,КЛЮЧИ
586,КЛЮШКИ
587,КНИГИ
588,КНОПКИ
589,КОВЕЛОС
590,КОВРИКИ
591,"КОВРОВОЕ ПОКРЫТИЕ"
592,КОВРОЛИН
593,КОВРЫ
594,КОВШ
595,"КОЖ ГАЛАНТЕРЕЯ"
596,"Кож изделия"
597,КОЖА
599,КОЖГАЛАНТЕРЕЯ
600,Кожзам
601,КОЗЫРЕК
602,КОЛБЫ
603,КОЛГОТКИ
604,КОЛЕСА
605,КОЛЕСО
607,КОЛОДКИ
608,"КОЛОДКИ ОБУВНЫЕ"
609,КОЛОНКА
610,КОЛПАЧКИ
611,"КОЛЬЦО КУПОННОЕ"
612,КОЛЯСКА
614,КОМПЕНСАТОРЫ
615,"Комплект оснастки унифиц. для упак.табл. в блистер"
616,"КОМПЛЕКТУЮЩ.НАДУВНЫХ ЛОДОК ПВХ"
617,КОМПЛЕКТУЮЩИЕ
618,КОМПРЕССОР
619,КОМПЬЮТЕР
620,"Компьютерная аксессуарика"
621,"КОМПЬЮТЕРНАЯ ТЕХНИКА"
622,КОНВЕКТОР
623,Конверт
624,КОНВЕРТЫ
625,"КОНДИТЕРСКИЕ ИЗДЕЛИЯ"
626,"КОНДИТЕРСКИЙ НОЖ"
627,КОНДИЦИОНЕР
628,КОНСЕРВАНТ
629,КОНСЕРВАЦИЯ
630,КОНСЕРВЫ
631,Консоль
632,КОНСТРУКЦИИ
633,Контейнер
634,"Контейнер 3-х.тонн до ст.Ачинск"
635,"Контейнер до Чениковска"
636,КОНТЕЙНЕРЫ
637,КОНФЕКЦИОН
638,КОНФЕТЫ
639,КОНФИТЮР
640,Концентрат
641,КОНЬКИ
642,"КОРДАННЫЙ ВАЛ"
643,КОРЗИНЫ
644,"КОРМА ДЛЯ ЖИВОТНЫХ"
645,КОРМУШКИ
646,КОРОБА
647,КОРОБКИ
648,КОРПУС
649,КОСМЕТИКА
651,"КОСМЕТИЧЕСКОЕ СЫРЬЕ"
652,КОСМЕТИЧКИ
653,Кострома
654,Котел
655,КОТЛЫ
656,КОФЕ
657,"КОФЕ, ОРЕХИ"
658,"КОФЕЙНЫЕ АППАРАТЫ"
659,"КОФЕЙНЫЕ НАПИТКИ"
660,КОФЕМАШИНЫ
661,КРАГИ
662,"КРАНОВЫЕ ВЕСЫ"
663,КРАНШТЕЙН
664,КРАНЫ
665,КРАСИТЕЛЬ
666,"КРАСИТЕЛЬ ДЛЯ ПЛАСТМАСС"
667,КРАСКА
668,"КРАСКА ДЛЯ ТКАНЕЙ"
669,"КРАСКА ПОРОШКОВАЯ"
670,"КРАСКА ХУДОЖЕСТВЕННАЯ"
671,КРАСКОПУЛЬТ
673,КРАХМАЛ
674,"КРЕМ ДЛЯ ОБУВИ"
675,КРЕПЕЖ
676,КРЕПЛЕНИЕ
677,КРЕСЛА
678,КРЕСЛО
679,"КРЕСЛО МАССАЖНОЕ"
680,"Кресло оператора"
681,КРЕСТ
682,"КРЕСТИКИ ДЛЯ КАФЕЛЯ"
683,КРОВАТЬ
684,КРОМКА
685,КРОНА
686,КРОНЕН-ПРОБКА
687,КРОНШТЕЙН
688,КРУГ
689,КРЫШКА
690,"КРЫШКА МЕТАЛЛИЧЕСКАЯ"
691,КРЫШКИ
692,"Крышки не плотно закручены (ПРОТЕКАЮТ)"
693,КРЮКИ
695,КУБКИ
696,КУВШИН
697,КУЗОВ
698,КУЛЛЕРЫ
699,"КУПОЛ СТЕКЛЯН."
702,"КУХОННАЯ ТЕХНИКА"
703,КУШЕТКА
705,"ЛАБОРАТОРНОЕ ОБОРУДОВАНИЕ"
706,"ЛАБОРАТОРНЫЕ ПРИБОРЫ"
707,ЛАК
708,"ЛАК ДЛЯ ПОЛА"
709,"ЛАКОКРАСОЧНЫЕ МАТЕРИАЛЫ"
710,"ЛАКТАТ НАТРИЯ"
711,ЛАМИНАТ
712,ЛАМПЫ
713,"ЛАМПЫ ЭНЕРГОСБЕРЕГАЮЩИЕ"
714,ЛАРЬ
715,ЛЕБЕДКА
716,ЛЕКАЛО
717,Лен.обл.
718,ЛЕНТА
719,Лепнина
720,ЛЕСКА
721,ЛЕСТНИЦА
722,"ЛЕСТНИЧНАЯ ТЕХНИКА"
723,ЛИНЗЫ
724,Линолеум
725,"ЛИНОЛЕУМ и КЛЕЙ"
727,ЛИСТ
728,"Листки кл."
729,"Листовой алюминий"
730,"ЛИСТОВЫЕ МАТЕРИАЛЫ"
731,ЛИТЕРАТУРА
732,"ЛИЧНЫЕ ВЕЩИ"
733,ЛКМ
734,ЛОДКА
735,Лодки
736,"ЛОДОЧНЫЕ МОТОРЫ"
737,ЛОПАТЫ
738,лотки
739,ЛУК
740,ЛЫЖИ
741,ЛЮК
742,ЛЮКИ
743,ЛЮСТРЫ
744,ЛЮСТЫ
745,МАГНИТ
746,МАДИФИКАТОР
748,МАКЕТЫ
749,МАКУЛАТУРА
750,МАНГАЛ
751,МАНЕКЕН
752,МАНЕКЕНЫ
753,МАНЖЕТЫ
755,МАРКИ
756,МАРКИЗЫ
757,"Маркировка груза"
758,МАРЛЯ
759,МАРМЕЛАД
760,МАСКИ
761,МАСЛО
762,"Масло моторное"
763,МАСЛОСТАНЦИЯ
764,МАССАЖЕР
765,МАСТИКИ
766,МАТЕРИАЛЫ
767,МАТРАСЫ
768,МАТРАЦ
769,МАТРИЦА
770,МАТЫ
772,"МАШИНА СПЕЦИАЛИЗИРОВАННАЯ"
773,МЕБЕЛЬ
774,"МЕБЕЛЬНАЯ ФУРНИТУРА"
775,"МЕБЕЛЬНЫЕ ФАСАДЫ"
776,МЕД
777,"МЕД ОБОРУДОВАНИЕ"
778,"МЕД ТОВАР"
779,"МЕД. ОБОРУДОВАНИЕ"
780,"МЕД. СЫРЬЕ"
781,МЕД.ИЗДЕЛИЯ
782,МЕДАЛИ
783,МЕДИКАМЕНТЫ
784,"МЕДИЦИНСКИЕ АППАРАТЫ"
785,"МЕДНАЯ ШИНА"
786,МЕДЬ
788,МЕЛКИ
789,"МЕТАЛ. ИЗДЕЛИЯ"
790,"Метал. мебель"
791,МЕТАЛЛ
792,"МЕТАЛЛИЧЕСКИЕ ИЗДЕЛИЯ"
793,"МЕТАЛЛИЧЕСКИЕ ПРУТКИ"
794,МЕТАЛЛОДЕТЕКТОРЫ
795,МЕТАЛЛОКОНСТРУКЦИИ
796,МЕТАЛЛОПРОКАТ
797,МЕТАЛЛОФУРНИТУРА
798,МЕТИЗЫ
799,МЕХ
800,МЕХ.ИЗДЕЛИЯ
801,МЕХАНИЗМЫ
802,МЕШКИ
803,МИКРОСКОП
804,МИКРОФОН
805,МИКСЕР
806,МИН.ВАТА
807,МИН.ВОДА
808,"МОБИЛЬНЫЙ КОНСТРУКТОР"
809,МОДИФИКАТОР
810,МОДУЛИ
811,МОЗАИКА
812,МОЙКИ
813,МОЛНИЯ
814,МОНИТОР
815,"МОНТАЖНАЯ ПЕНА, ГЕРМЕТИКИ"
816,"МОРСКОЕ ОБОРУД."
817,"МОРСКОЕ СНАРЯЖЕНИЕ"
820,"Москва, Тула, Тверь"
821,МОТОБЛОК
822,МОТОБУКСИРОВЩИК
823,мотопомпа
824,МОТОР
825,МОТОР-БАРАБАН
826,"МОТОР, ЛОДКА"
827,"Моторное масло Mobil SUPER 1000"
828,"МОТОРНЫЕ МАСЛА"
829,МОТОРЫ
830,"МОТОРЫ, ЭКИПИРОВКА"
831,МОТОСАМОКАТ
832,МОТОТЕХНИКА
833,МОТОЦИКЛ
834,МОЧАЛКИ
835,"МОЮЩИЕ СРЕДСТВА"
836,МРАМОР
837,"МУЗ. ИНСТРУМЕНТ"
838,"МУЗЫКАЛЬНОЕ ОБОРУДОВАНИЕ"
839,МУКА
840,"МУКА КУКУРУЗНАЯ"
841,МУЛЬТИМЕДИА
842,МУЛЯЖ
844,МУФТЫ
845,МЫЛО
846,"НАБОРЫ ПАССАЖИРСКИЕ"
847,"НАБОРЫ ЧАЙ ТЕСС"
848,"НАВИГАЦИОННОЕ ОБОРУДОВАНИЕ"
849,"НАГРАДНАЯ ПРОДУКЦИЯ"
850,НАДПИСИ
851,НАКЛЕЙКИ
852,Нальчик
853,наматрасники
854,НАПИТКИ
855,НАПОЛНИТЕЛЬ
856,"НАПОЛЬНЫЕ ПОКРЫТИЯ"
857,НАСОС
858,НАСОСЫ
859,"НАСОСЫ И КОНСЕРВАНТ"
860,"НАСТИЛ СВАРНОЙ"
861,НАСТИЛЫ
862,"НАТУРАЛЬНАЯ ЧЕРЕВА"
863,НЕГАБАРИТ
865,НИТКИ
866,НИТЬ
867,"НОВОГОДНИЕ ИГРУШКИ"
868,"НОВОГОДНИЕ ТОВАРЫ"
870,НОЖИ
871,НОЖНИЦЫ
872,НОСИЛКИ
873,НОСКИ
874,НОУТБУК
875,ОБВЯЗКА
876,ОБЛОЖКИ
877,ОБОГРЕВАТЕЛИ
878,"ОБОД ТОРМОЗНОЙ"
879,ОБОЖУРЫ
880,ОБОИ
881,ОБОЛОЧКА
882,"ОБОРУД., ПРОФИЛЬ"
883,ОБОРУДОВАНИЕ
884,"оборудование автосервис"
885,"ОБОРУДОВАНИЕ ДЛЯ АКВАРИУМА"
886,"ОБОРУДОВАНИЕ ДЛЯ ОПОР ОСВЕЩЕНИЯ"
887,ОБРАЗЦЫ
893,"ОБУВНАЯ КОСМЕТИКА"
894,"ОБУВНЫЕ АКСЕССУАРЫ"
895,ОБУВЬ
896,ОБШИВ
897,"обшивка груза 1,5 м3"
898,"ОГНЕЗАЩИТНАЯ ЭМАЛЬ"
899,ОГНЕТУШИТЕЛЬ
900,ОДЕЖДА
901,"ОДЕЖДА, ОБОРУД."
902,ОДЕЯЛА
903,"ОДНОРАЗОВАЯ ПОСУДА"
904,"ОКАНТАВКА МЕТ.ЛЕНТОЙ"
905,ОКНА
907,ОПОВЕЩЕНИЕ
908,ОПОРА
909,ОПРЫСКИВАТЕЛЬ
910,ОПС
911,ОПТИКА
912,ОПУШКИ
940,ОРГИЗДЕЛИЯ
941,ОРГСТЕКЛО
942,ОРГТЕХНИКА
945,ОРЕХИ
946,"ОРТОПЕДИЧЕСКИЕ ТОВАРЫ"
947,ОСВЕЖИТЕЛИ
948,ОТВЕРДИТЕЛЬ
951,ОТВОДЫ
952,"ОТДЕЛОЧНЫЕ МАТЕРИАЛЫ"
953,ОТДУШКА
954,"ОТКАЗ ОТ ЖЕСТКОЙ УПАКОВКИ"
956,"ОТЛИВКИ ЧУГУННЫЕ"
957,ОТСЕВ
958,"ОФИСНОЕ ИМУЩЕСТВО"
962,"ОХОТ. ТОВАРЫ"
963,ОЧКИ
964,"ОШИБОЧНЫЙ ГРУЗ"
965,ПАВИЛЬОНЫ
966,ПАКЕТЫ
967,"ПАКЕТЫ ПОЛИЭТИЛЕНОВЫЕ"
968,"ПАЛАТКА СКАНДИЯ"
969,ПАЛАТКИ
970,ПАЛЕТИРОВАНИЕ
971,Паллетирование
975,ПАЛЛЕТЫ
977,ПАЛЬТО
978,ПАМПЕРСЫ
979,ПАМЯТНИК
980,ПАНЕЛИ
981,ПАННО
982,"Папка конверт с кнопкой"
983,"Папка с арочным механизмом"
984,"Папка скоросшиватель"
985,"Папка файл-вкладыш"
986,Папка-портфель
987,ПАПКИ
988,ПАРАЛОН
989,"ПАРИКМАХЕРСКИЕ ПРИНАДЛЕЖНОСТИ"
990,ПАРКЕТ
991,"ПАРКЕТНАЯ ДОСКА"
992,ПАРОГЕНЕРАТОР
993,ПАРОНИТ
994,"ПАРОНИТ ПОНБ 2.0 мм"
995,ПАРУСА
996,ПАРФЮМЕРИЯ
997,"ПАССАЖИРСКИЕ НАБОРЫ"
998,ПАСТА
999,ПВХ
1000,ПЕНА
1001,"ПЕНА МОНТАЖНАЯ"
1002,ПЕНАЛ
1003,Пенза
1004,ПЕНОПЛАСТ
1005,ПЕРГАМЕНТ
1006,"ПЕРЕВОЗКА ГРУЗА"
1009,"ПЕРЕКИСЬ ВОДОРОДА"
1010,ПЕРЕМЫЧКИ
1011,"ПЕРЕСЧЕТ ВНУТРЕННИХ ВЛОЖЕНИЙ"
1012,ПЕРЕЦ
1014,ПЕРЧАТКИ
1015,ПЕСОК
1016,"ПЕСОК ДЛЯ СТРОИТЕЛЬНЫХ РАБОТ"
1017,"ПЕСОК КАРЬЕРНЫЙ"
1018,"ПЕСОК НАМЫВНОЙ"
1019,ПЕСОЧНИЦА
1020,ПЕТЛИ
1023,ПЕЧАТИ
1024,"ПЕЧАТНАЯ ПРОДУКЦИЯ"
1025,"ПЕЧАТНОЕ ОБОРУДОВАНИЕ"
1026,ПЕЧКА
1027,"ПЕЧНОЕ ОБОРУДОВАНИЕ"
1028,ПЕЧЬ
1029,ПИАНИНО
1030,ПИВО
1031,ПИГМЕНТ
1032,ПИЛОМАТЕРИАЛЫ
1033,ПИЛЫ
1034,ПИРОТЕХНИКА
1035,ПИСЬМО
1036,"ПИЩЕВЫЕ ДОБАВКИ"
1037,ПЛАКАТЫ
1038,ПЛАНКА
1039,ПЛАС.ИЗДЕЛИЯ
1040,ПЛАСТИК
1041,ПЛАСТИК.КАРТЫ
1042,"пластиковая емкость"
1043,"ПЛАСТИКОВАЯ ТАРА"
1045,"ПЛАСТИКОВЫЕ ДЕТАЛИ"
1046,"ПЛАСТИКОВЫЕ ИЗДЕЛИЯ"
1047,ПЛАСТИЛИН
1048,ПЛАСТИНЫ
1049,"ПЛАСТМАСОВЫЕ ИЗДЕЛИЯ"
1050,ПЛАСТМАССА
1051,"Платный въезд г.Москва"
1053,ПЛАТЫ
1054,ПЛАФОНЫ
1055,ПЛЕДЫ
1056,ПЛЕНКА
1057,ПЛИНТУС
1058,ПЛИТА
1059,"ПЛИТА ФАСАДНАЯ"
1060,ПЛИТКА
1061,"ПЛИТКА КЕРАМИЧЕСКАЯ"
1062,ПЛИТЫ
1063,ПЛОМБЫ
1064,"ПЛОТ НАДУВНОЙ СПАСАТЕЛЬНЫЙ"
1065,ПНЕВМОЦИЛИНДР
1072,ПОГОНАЖ
1073,Погрузка
1112,ПОГРУЗЧИК
1113,ПОДАРКИ
1114,ПОДАРОК
1115,"ПОДАРОЧНЫЕ НАБОРЫ"
1116,"ПОДАЧА МАНИПУЛЯТОРА"
1117,"ПОДВЕСНЫЕ ПОТОЛКИ"
1118,ПОДВЕСЫ
1119,ПОДЛОЖКА
1120,ПОДОШВА
1121,ПОДТЯЖКИ
1122,"ПОДУШКА БЕЗОПАСНОСТИ"
1123,Подушки
1124,ПОДШИПНИКИ
1125,ПОДЪЕМНИКИ
1126,"ПОЖ,ОБОРУДОВАНИЕ"
1127,ПОЖ.РЕМНИ
1128,"ПОЖАРНАЯ ФОРМА"
1129,"ПОЖАРНОЕ ОБОРУДОВАНИЕ"
1130,"ПОЖАРНОЕ СНАРЯЖ."
1131,ПОКРЫВАВЛО
1132,ПОКРЫТИЕ
1133,ПОКРЫШКИ
1134,"ПОЛИГРАФИЧЕСКАЯ ПРОДУКЦИЯ"
1135,ПОЛИГРАФИЯ
1136,Полимер
1137,"ПОЛИМЕРНЫЕ МАТЕРИАЛЫ"
1138,"ПОЛИПРОПИЛЕН ВТОРИЧНЫЙ"
1139,ПОЛИСТИРОЛ
1140,"полиуретановый материал"
1141,ПОЛИЭТИЛЕН
1142,"ПОЛИЭТИЛЕНОВЫЕ РУКОВА"
1143,Полка
1144,ПОЛОТЕНЦА
1145,ПОЛОТНО
1146,"Полотно геотекстильное"
1147,"Полотно крыши"
1148,ПОЛУФАБРИКАТЫ
1149,ПОМПА
1150,ПОРОГ
1151,ПОРОЛОН
1152,"ПОРОШКОВАЯ КРАСКА"
1153,ПОРОШОК
1154,"ПОРУЧЕНЬ ПВХ"
1155,ПОРУЧНИ
1156,ПОСТЕРЫ
1157,ПОСУДА
1158,ПОТОЛКИ
1159,ПОТОЛОК
1160,"ПОЧТОВЫЕ ЯЩИКИ"
1161,Праймеры
1162,"ПРЕДМЕТЫ ДЕКОРА"
1169,ПРЕМИКСЫ
1171,ПРЕСС
1172,"ПРЕСС ФОРМЫ"
1177,ПРИБОРЫ
1178,ПРИВОД
1179,ПРИНТЕР
1180,Припой
1181,ПРИПРАВА
1182,Присадка
1183,ПРИЦЕП
1184,"ПРИЦЕП ДЛЯ КАТЕРА"
1185,ПРИЩЕПКИ
1186,ПРОБКА
1187,ПРОВОД
1188,ПРОВОЛОКА
1202,ПРОДУКТЫ
1205,"ПРОИЗВОДСТВЕННАЯ МЕБЕЛЬ"
1206,"ПРОМЫШЛЕННЫЕ ТОВАРЫ"
1207,ПРОПИТКА
1208,ПРОПУСК
1209,Пропуска
1352,"ПРОТИВОПОЖАРНОЕ ОБОРУДОВАНИЕ"
1353,ПРОФИЛЬ
1354,"ПРОФИЛЬ ПВХ"
1355,ПРР
1356,"ПРУД ПЛАСТИКОВЫЙ"
1357,ПРУЖИНЫ
1358,ПРУТОК
1359,ПРЯЖА
1361,ПУГОВИЦЫ
1362,ПУДРА
1363,ПУЛЬТЫ
1364,ПУФЫ
1365,ПУШНИНА
1366,ПЭТ
1367,"РАБОЧАЯ ОДЕЖДА"
1368,"РАБОЧЕЕ КОЛЕСО"
1369,РАДИАТОРЫ
1370,"РАДИОЛОКАЦИОННАЯ СТАНЦИЯ"
1371,РАДИООБОРУДОВАНИЕ
1372,РАДИОТОВАРЫ
1373,"РАЗДЕЛИТЕЛЬНЫЙ СОСТАВ"
1374,РАКОВИНЫ
1375,РАКУШКИ
1376,РАМКИ
1377,РАМЫ
1378,РАСПЫЛИТЕЛЬ
1381,РАСХОДНИКИ
1382,"РАСХОДНЫЕ МАТЕРИАЛЫ"
1383,РВД
1384,РЕАГЕНТ
1385,РЕАКТИВЫ
1386,РЕДУКТОР
1387,РЕЗИНА
1388,"РЕЗИНО-ТЕХНИЧЕСКИЕ ИЗДЕЛИЯ"
1389,"РЕЗИНОВЫЕ КОЛЬЦА"
1390,"РЕЗИНОВЫЙ ШНУР"
1391,РЕЙКА
1392,РЕКЛАМА
1393,"РЕКЛАМНАЯ ПРОДУКЦИЯ"
1394,"РЕКЛАМНОЕ ОБОРУДОВАНИЕ"
1395,"РЕКЛАМНЫЙ МАИЕРИАЛ"
1396,"РЕМ. КОМПЛЕКТ"
1397,РЕМНИ
1398,РЕСПИРАТОР
1399,РЕШЕТКА
1400,"Решетка пузырьковая"
1401,"РИТУАЛЬНЫЕ ПРИНАДЛЕЖНОСТИ"
1402,"РОГА ОЛЕНЬИ"
1403,РОЛИК
1404,"РОЛИК Б\Д"
1405,РОЛИКИ
1406,"РОЛИКИ КОНВЕЙЕРНЫЕ"
1408,РОЯЛЬ
1409,РТИ
1410,Рубцовск
1411,РУДА
1412,РУКАВ
1413,РУЛОНЫ
1414,РУЧКИ
1415,РЫБА
1416,РЫБОЛОВН.ТОВАРЫ
1417,"РЫБОЛОВНЫЕ ПРИНАДЛЕЖНОСТИ"
1418,РЮКЗАКИ
1419,Рязань
1420,"САДОВАЯ МЕБЕЛЬ"
1421,"САДОВАЯ ТЕХНИКА"
1422,САЙДИНГ
1423,САЛФЕТКИ
1425,Самокаты
1426,САМОРЕЗЫ
1427,САН.НАБОРЫ
1428,"САН.ТЕХ. КАБИНЫ"
1429,САН.ТЕХ.ОБОРУДОВАНИЕ
1430,САНКИ
1433,"САНТЕХ. МАТЕРИАЛЫ"
1434,САНТЕХАРМАТУРА
1435,САНТЕХНИКА
1436,САПОГИ
1437,Саранск
1439,"САРАХНЫЙ ПЕСОК"
1440,САХАР
1449,СВАИ
1450,"СВАРОЧН. ТЕХНИКА"
1451,"СВАРОЧНОЕ ОБОРУДОВАНИЕ"
1452,СВЕТИЛЬНИК
1453,СВЕТИЛЬНИКИ
1455,"СВЕТИЛЬНИКИ, ХОМУТ"
1456,"СВЕТОВОЕ ОБОРУД"
1457,СВЕТОТЕХНИКА
1458,СВЕЧИ
1459,СВИНЕЦ
1460,СВЯЗУЮЩИЕ
1461,СЕЙФ
1462,сельхозтехника
1463,СЕМЕНА
1466,СЕРЕБРО
1467,СЕТИ
1468,"Сети оградительные"
1469,СЕТКА
1470,"СЕТКА МЕТАЛЛИЧЕСКАЯ"
1471,"СЕТКА ПЛАСТМ."
1472,"СИДЕНИЯ ДЛЯ УНИТАЗОВ"
1473,СИЗ
1474,"сиккатив (маслянная жидкость)"
1475,СИМКАРТА
1476,СИРОП
1477,"СИСТЕМНЫЙ БЛОК"
1478,Сито
1479,СИФОН
1480,СКИДКА
1511,"СКОБЕННЫЕ ИЗД"
1512,СКОБЫ
1513,СКОТЧ
1514,Скрепки
1515,СКУТЕР
1516,СМАЗКА
1517,"СМАЗКА, РАСПЫЛ."
1518,"СМАЗОЧНЫЕ МАТЕРИАЛЫ"
1519,СМАЧИВАТЕЛЬ
1520,СМЕСИТЕЛИ
1521,СМЕСИТЕЛЬ
1522,СМЕСЬ
1523,СМОЛА
1525,СМЫВКА
1526,СНАРЯЖЕНИЕ
1527,СНАСТИ
1528,СНЕГОХОД
1529,Сноуборд
1530,СОЕДИНЕНИЕ
1531,СОК
1532,СОКИ
1533,СОРБЕНТ
1534,"СПАЛЬНЫЕ МЕШКИ"
1535,"СПАСАТЕЛЬНЫЕ КРУГИ"
1536,"СПАСАТЕЛЬНЫЕ СРЕДСТВА"
1537,СПЕЦ.ОДЕЖДА
1538,СПЕЦ.СНАРЯЖЕНИЕ
1539,СПЕЦИИ
1540,СПИЧКИ
1541,СПЛИТ-СИСТЕМЫ
1542,СПОРТ
1543,"СПОРТ ИНВЕНТАРЬ"
1545,СПОРТ.ОБОРУДОВАНИЕ
1547,СПОРТТОВАРЫ
1548,"СРЕДСТВА  ЗАЩИТЫ"
1549,"СРЕДСТВА ГИГИЕНЫ"
1550,"СРЕДСТВА ДЛЯ УХОДА ЗА МЕБЕЛЬЮ"
1551,"СРЕДСТВА ИЗМЕРЕНИЯ"
1552,"Средства Связи"
1554,СТАКАНЫ
1555,СТАЛЬ
1556,СТАНДАРТЫ
1557,СТАНКИ
1558,СТАНОК
1560,СТЕКЛО
1561,СТЕКЛОВОЛОКНО
1562,СТЕКЛООБОИ
1563,СТЕКЛОПАКЕТ
1564,СТЕКЛОПРУТОК
1565,СТЕКЛОТКАНЬ
1566,"СТЕЛАЖНОЕ ОБОРУДОВАНИЕ"
1567,СТЕЛЛАЖИ
1568,СТЕЛЬКИ
1569,СТЕНД
1570,СТЕНДЫ
1571,Степлер
1572,СТЕРЕО-КАЛЕНДАРИ
1573,СТИКЕРЫ
1574,"СТИРАЛЬНАЯ МАШИНА"
1575,СТОЙКА
1576,СТОЙКИ
1577,СТОЛ
1578,"СТОЛ МАССАЖНЫЙ"
1579,СТОЛБЫ
1580,СТОЛЕШНИЦА
1581,"СТОМ. МАТЕРИАЛЫ"
1587,"СТРАХОВОЧНЫЕ ЖИЛЕТЫ"
1588,"СТРОИТЕЛЬНОЕ ОБОРУДОВАНИЕ"
1589,"СТРОИТЕЛЬНЫЕ ТОВАРЫ"
1590,"СТРОЙ ИНСТРУМЕНТ"
1591,СТРОЙМАТЕРИАЛЫ
1593,СТРОЙТОВАРЫ
1594,СТРОПЫ
1595,СТУЛ
1596,СТУЛЬЯ
1597,СУВЕНИРЫ
1598,"СУДОВОЕ ОБОРУДОВАНИЕ"
1599,СУМКИ
1600,"СУХИЕ СМЕСИ"
1601,"СУХОЕ МОЛОКО"
1602,СУХОФРУКТЫ
1603,СУШИЛКА
1604,"Сушильный шкаф"
1605,"счетчик бензоколонки"
1606,СЧЕТЧИКИ
1608,СЫРЬЕ
1609,"СЫРЬЁ ПОЛИГРАФИЧЕСКОЕ"
1610,ТАБАК
1611,Такелаж
1612,ТАЛЬК
1614,ТАМОЖНЯ
1616,ТАПОЧКИ
1617,ТАРА
1618,ТАРТАЛЕТКИ
1619,ТАХТА
1620,"ТВ ОБОРУДОВАНИЕ"
1622,"ТЕАТРАЛЬНЫЕ ДЕКОРАЦИИ"
1623,ТЕКСТИЛЬ
1624,ТЕЛЕВИЗОР
1625,ТЕЛЕГРАММА
1628,ТЕЛЕЖКИ
1629,"ТЕЛЕФ. ОБОРУДОВАНИЕ"
1630,ТЕМОТОГЕН
1631,ТЕН
1632,ТЕНТ
1633,"ТЕНТЫ ДЛЯ ЛОДОК"
1634,ТЕПЛИЦА
1635,ТЕПЛО
1636,ТЕПЛОИЗОЛЯЦИЯ
1637,ТЕПЛООБОРУДОВАНИЕ
1642,"ТЕРМО -ЛЕНТА"
1643,ТЕРМОБЕЛЬЕ
1644,ТЕРМОБОКС
1645,ТЕРМОДАТЧИК
1646,Термоизоляция
1647,ТЕРМОКАБЕЛЬ
1648,ТЕРМОМАТ
1649,ТЕРМОПАКЕТ
1650,ТЕРМОСА
1651,ТЕРМОСТАТ
1652,ТЕСЬМА
1654,"ТЕХ. СОЛЬ"
1655,ТЕХ.ПЛАСТИНЫ
1656,ТЕХНИКА
1658,ТИПОГРАФИЯ
1659,ТКАНЬ
1660,"ТКАНЬ,ФУРНИТУРА"
1661,ТНП
1662,ТОВАР
1664,"ТОВАРЫ ДЛЯ КУХНИ"
1665,"ТОВАРЫ ДЛЯ ОТДЫХА"
1666,"ТОВАРЫ ДЛЯ ОФИСА"
1668,"ТОРГОВОЕ ОБОРУДОВАНИЕ"
1669,ТОРФОГРУНТ
1670,ТОСОЛ
1671,"ТРАВА ДЛЯ ГАЗОНА"
1672,ТРАВЫ
1673,ТРАКТОР
1884,ТРАПЫ
1885,ТРЕНАЖЕР
1886,ТРИКОТАЖ
1887,ТРОС
1888,ТРУБА
1889,ТРУБКА
1890,"ТРУБКА ПВХ"
1891,ТРУБЫ
1892,"Туалетная бумага"
1893,ТУБЫ
1895,ТУМБА
1896,"ТУР. СНАРЯЖЕНИЯ"
1899,"УБОРОЧНЫЙ ИНВЕНТАРЬ"
1900,УГОЛКИ
1901,УГОЛЬ
1902,УДОБРЕНИЯ
1903,Улан-Удэ
1905,УПАКОВ.ЛЕНТА
1952,"УПАКОВОЧНЫЙ МАТЕРИАЛ"
1953,УПЛОТНИТЕЛЬ
1954,УРНЫ
1973,УТЕПЛИТЕЛЬ
1974,УТИЛИЗАТОР
1976,"УЧЕБНОЕ ОБОРУДОВАНИЕ"
1977,"УЧЕБНОЕ ПОСОБИЕ"
1978,ФАНЕРА
1979,ФАРТУКИ
1980,ФАРФОР
1981,ФАРЫ
1982,ФАСАД
1983,ФАСАДЫ
1984,"ФИГУРЫ ТОПИАРИ"
1985,"ФИЛЬТРУЮЩИЙ МАТЕРИАЛ"
1986,ФИЛЬТРЫ
1987,ФИТИНГИ
1988,ФЛАГИ
1989,ФЛАКОНЫ
1990,ФЛАНЦЫ
1991,ФЛЕШКА
1992,ФЛЭШКАРТЫ
1993,ФОЛЬГА
1994,ФОНАРИ
1995,ФОРМА
1996,"ФОТО ОБОРУДОВАНИЕ"
1997,"ФОТО ТОВАРЫ"
1998,ФОТОБУМАГА
1999,ФОТОМАТЕРИАЛЫ
2000,ФОТОПОЛИМЕР
2001,ФОТОТОВАР
2002,ФРЕЗА
2003,ФРЕОН
2004,ФСЕН
2005,ФУРНИТУРА
2006,"ФУРНИТУРА ДЛЯ СУМОК"
2009,ХИМ.ПРЕПАРАТЫ
2010,ХИМИЯ
2011,ХИМСЫРЬЕ
2012,ХЛАДАГЕНТ
2013,ХЛАДОН
2014,"ХЛЕБО-БУЛОЧНЫЕ ИЗДЕЛИЯ"
2015,ХОЗТОВАРЫ
2016,ХОЛЛОФАЙБЕР
2017,"ХОЛОДИЛЬНОЕ ОБОРУДОВАНИЕ"
2040,ХОЛСТ
2101,Хрусталь
2102,"ХУДОЖЕСТВЕННЫЕ МАТЕРИАЛЫ"
2103,ЦВЕТЫ
2104,ЦЕМЕНТ
2105,ЦЕПИ
2106,"ЦЕРКОВНАЯ УТВАРЬ"
2107,ЦИЛИНДР
2108,ЧАЙ
2109,ЧАСЫ
2110,Чебоксары
2112,ЧЕМОДАНЫ
2113,ЧЕРЕПИЦА
2115,ЧЕРНИЛА
2116,ЧЕХЛЫ
2117,ЧИПСЫ
2119,ЧУЛКИ
2120,ШАМПУНЬ
2121,ШАМПУРА
2122,ШАПКИ
2123,ШАРФЫ
2124,"ШВЕЙНАЯ ТЕХНИКА"
2125,"ШВЕЙНАЯ ФУРНИТУРА"
2126,"ШВЕЙНОЕ ОБОРУДОВАНИЕ"
2127,"ШВЕЙНЫЕ МАШИНЫ"
2128,"ШВЕЙНЫЕ ТОВАРЫ"
2129,ШВЕЛЛЕР
2130,Шерсть
2132,"ШИНОМОНТАЖНЫЙ СТЕНД"
2133,ШИНЫ
2134,"Шины YOKOHAMA Y354  225/70 R15C"
2135,ШКАФ
2136,"ШКАФ ОПТИЧЕСКИЙ"
2137,ШКАФЫ
2138,ШКУРЫ
2139,ШЛАНГ
2140,ШЛИФ.ЗЕРНО
2141,"ШЛИФОВАЛЬНЫЕ ДИСКИ"
2142,ШЛЯПЫ
2143,ШНУР
2144,ШНУРКИ
2145,ШНУРЫ
2146,ШОКОЛАД
2147,ШОУ-БОКС
2148,ШПАГАТ
2149,ШПАТЛЕВКА
2150,ШПОН
2151,ШПРИЦ
2152,ШТАБЕЛЕР
2153,ШТАМП
2154,"ШТАНГА МАЯТНИКА"
2155,ШТАНГИ
2156,ШТОРЫ
2157,ШУНГИТ
2165,ЩЕТКИ
2166,ЩИТЫ
2167,ЭКИПИРОВКА
2168,ЭКЛЗ
2171,ЭКРАН
2173,ЭКСКАВАТОР
4063,"Эл. Оборудование"
4064,ЭЛЕВАТОР
4065,ЭЛЕКТРИКА
4066,ЭЛЕКТРОДВИГАТЕЛЬ
4067,ЭЛЕКТРОДЫ
4068,ЭЛЕКТРОИНСТРУМЕНТЫ
4069,ЭЛЕКТРОЛАМПЫ
4070,ЭЛЕКТРОМАГНИТ
4071,"ЭЛЕКТРОМОНТАЖНОЕ ОБОРУДОВАНИЕ"
4072,ЭЛЕКТРОНИКА
4073,ЭЛЕКТРООБОРУДОВАНИЕ
4074,ЭЛЕКТРОТЕХНИКА
4075,ЭЛЕКТРОТОВАРЫ
4076,ЭЛЕКТРОЩИТЫ
4077,ЭЛЕМЕНТЫ
4078,"ЭЛЕМЕНТЫ ПИТАНИЯ"
4079,Элиста
4080,ЭМАЛЬ
4089,ЭТИКЕТКИ
4090,"ЮВЕЛИРНЫЕ ИЗДЕЛИЯ"
4092,"ЯБЛОЧНАЯ КИСЛОТА"
4093,ЯКОРЯ
4094,"ЯХТЕННОЕ ОБОРУДОВАНИЕ"
4095,ЯЩИК
4096,"ЛАБОРАТОРНОЕ СТЕКЛО"
4097,ШПИЛЬКИ
4098,КИСЕЛЬ
4099,"Кондитерский инвентарь"
4100,Тележка
4101,"Жидкие обои"
4102,Дисперсия
4103,"Огнезащитные материалы"
4104,"Комплектующие для бассейнов"
4105,"Мастика "
4106,"Чаша для пруда"
4107,Вёсла
4108,"Столовые приборы"
4109,КАНАТ
4110,"Электроизоляционные материалы"
4111,РАНЦЫ